<annotation>
	<folder>placa</folder>
	<filename>baixados (1).jpg</filename>
	<path>C:\Users\leomc\OneDrive\Área de Trabalho\dataset\placa\baixados (1).jpg</path>
	<source>
		<database>Unknown</database>
	</source>
	<size>
		<width>302</width>
		<height>182</height>
		<depth>3</depth>
	</size>
	<segmented>0</segmented>
	<object>
		<name>placa</name>
		<pose>Unspecified</pose>
		<truncated>0</truncated>
		<difficult>0</difficult>
		<bndbox>
			<xmin>38</xmin>
			<ymin>47</ymin>
			<xmax>73</xmax>
			<ymax>75</ymax>
		</bndbox>
	</object>
	<object>
		<name>placa</name>
		<pose>Unspecified</pose>
		<truncated>1</truncated>
		<difficult>0</difficult>
		<bndbox>
			<xmin>12</xmin>
			<ymin>10</ymin>
			<xmax>291</xmax>
			<ymax>182</ymax>
		</bndbox>
	</object>
</annotation>
