<annotation>
	<folder>placa</folder>
	<filename>OIP (6).jpg</filename>
	<path>C:\Users\leomc\OneDrive\Área de Trabalho\dataset\placa\OIP (6).jpg</path>
	<source>
		<database>Unknown</database>
	</source>
	<size>
		<width>366</width>
		<height>198</height>
		<depth>3</depth>
	</size>
	<segmented>0</segmented>
	<object>
		<name>placa</name>
		<pose>Unspecified</pose>
		<truncated>0</truncated>
		<difficult>0</difficult>
		<bndbox>
			<xmin>3</xmin>
			<ymin>74</ymin>
			<xmax>59</xmax>
			<ymax>118</ymax>
		</bndbox>
	</object>
	<object>
		<name>placa</name>
		<pose>Unspecified</pose>
		<truncated>0</truncated>
		<difficult>0</difficult>
		<bndbox>
			<xmin>66</xmin>
			<ymin>98</ymin>
			<xmax>118</xmax>
			<ymax>132</ymax>
		</bndbox>
	</object>
	<object>
		<name>placa</name>
		<pose>Unspecified</pose>
		<truncated>0</truncated>
		<difficult>0</difficult>
		<bndbox>
			<xmin>117</xmin>
			<ymin>51</ymin>
			<xmax>163</xmax>
			<ymax>97</ymax>
		</bndbox>
	</object>
	<object>
		<name>placa</name>
		<pose>Unspecified</pose>
		<truncated>1</truncated>
		<difficult>0</difficult>
		<bndbox>
			<xmin>180</xmin>
			<ymin>1</ymin>
			<xmax>365</xmax>
			<ymax>198</ymax>
		</bndbox>
	</object>
</annotation>
