<annotation>
	<folder>placa</folder>
	<filename>OIP (7).jpg</filename>
	<path>C:\Users\leomc\OneDrive\Área de Trabalho\dataset\placa\OIP (7).jpg</path>
	<source>
		<database>Unknown</database>
	</source>
	<size>
		<width>328</width>
		<height>198</height>
		<depth>3</depth>
	</size>
	<segmented>0</segmented>
	<object>
		<name>placa</name>
		<pose>Unspecified</pose>
		<truncated>0</truncated>
		<difficult>0</difficult>
		<bndbox>
			<xmin>3</xmin>
			<ymin>7</ymin>
			<xmax>120</xmax>
			<ymax>48</ymax>
		</bndbox>
	</object>
	<object>
		<name>placa</name>
		<pose>Unspecified</pose>
		<truncated>1</truncated>
		<difficult>0</difficult>
		<bndbox>
			<xmin>5</xmin>
			<ymin>129</ymin>
			<xmax>135</xmax>
			<ymax>198</ymax>
		</bndbox>
	</object>
	<object>
		<name>placa</name>
		<pose>Unspecified</pose>
		<truncated>0</truncated>
		<difficult>0</difficult>
		<bndbox>
			<xmin>182</xmin>
			<ymin>9</ymin>
			<xmax>249</xmax>
			<ymax>71</ymax>
		</bndbox>
	</object>
	<object>
		<name>placa</name>
		<pose>Unspecified</pose>
		<truncated>1</truncated>
		<difficult>0</difficult>
		<bndbox>
			<xmin>139</xmin>
			<ymin>85</ymin>
			<xmax>328</xmax>
			<ymax>198</ymax>
		</bndbox>
	</object>
	<object>
		<name>placa</name>
		<pose>Unspecified</pose>
		<truncated>1</truncated>
		<difficult>0</difficult>
		<bndbox>
			<xmin>251</xmin>
			<ymin>1</ymin>
			<xmax>328</xmax>
			<ymax>59</ymax>
		</bndbox>
	</object>
	<object>
		<name>placa</name>
		<pose>Unspecified</pose>
		<truncated>0</truncated>
		<difficult>0</difficult>
		<bndbox>
			<xmin>139</xmin>
			<ymin>42</ymin>
			<xmax>190</xmax>
			<ymax>91</ymax>
		</bndbox>
	</object>
</annotation>
