<annotation>
	<folder>placa</folder>
	<filename>OIP (19).jpg</filename>
	<path>C:\Users\leomc\OneDrive\Área de Trabalho\dataset\placa\OIP (19).jpg</path>
	<source>
		<database>Unknown</database>
	</source>
	<size>
		<width>313</width>
		<height>209</height>
		<depth>3</depth>
	</size>
	<segmented>0</segmented>
	<object>
		<name>placa</name>
		<pose>Unspecified</pose>
		<truncated>1</truncated>
		<difficult>0</difficult>
		<bndbox>
			<xmin>56</xmin>
			<ymin>23</ymin>
			<xmax>313</xmax>
			<ymax>192</ymax>
		</bndbox>
	</object>
</annotation>
