<annotation>
	<folder>placa</folder>
	<filename>th.jpg</filename>
	<path>C:\Users\leomc\OneDrive\Área de Trabalho\dataset\placa\th.jpg</path>
	<source>
		<database>Unknown</database>
	</source>
	<size>
		<width>312</width>
		<height>180</height>
		<depth>3</depth>
	</size>
	<segmented>0</segmented>
	<object>
		<name>placa</name>
		<pose>Unspecified</pose>
		<truncated>0</truncated>
		<difficult>0</difficult>
		<bndbox>
			<xmin>55</xmin>
			<ymin>14</ymin>
			<xmax>229</xmax>
			<ymax>174</ymax>
		</bndbox>
	</object>
</annotation>
