<annotation>
	<folder>Papula</folder>
	<filename>baixados (1).jpg</filename>
	<path>C:\Users\leomc\OneDrive\Área de Trabalho\dataset\Papula\baixados (1).jpg</path>
	<source>
		<database>Unknown</database>
	</source>
	<size>
		<width>347</width>
		<height>196</height>
		<depth>3</depth>
	</size>
	<segmented>0</segmented>
	<object>
		<name>papula</name>
		<pose>Unspecified</pose>
		<truncated>0</truncated>
		<difficult>0</difficult>
		<bndbox>
			<xmin>171</xmin>
			<ymin>123</ymin>
			<xmax>233</xmax>
			<ymax>185</ymax>
		</bndbox>
	</object>
	<object>
		<name>papula</name>
		<pose>Unspecified</pose>
		<truncated>0</truncated>
		<difficult>0</difficult>
		<bndbox>
			<xmin>151</xmin>
			<ymin>19</ymin>
			<xmax>204</xmax>
			<ymax>77</ymax>
		</bndbox>
	</object>
	<object>
		<name>papula</name>
		<pose>Unspecified</pose>
		<truncated>0</truncated>
		<difficult>0</difficult>
		<bndbox>
			<xmin>221</xmin>
			<ymin>6</ymin>
			<xmax>297</xmax>
			<ymax>93</ymax>
		</bndbox>
	</object>
	<object>
		<name>papula</name>
		<pose>Unspecified</pose>
		<truncated>0</truncated>
		<difficult>0</difficult>
		<bndbox>
			<xmin>129</xmin>
			<ymin>96</ymin>
			<xmax>166</xmax>
			<ymax>145</ymax>
		</bndbox>
	</object>
</annotation>
