<annotation>
	<folder>Papula</folder>
	<filename>baixados (3).jpg</filename>
	<path>C:\Users\leomc\OneDrive\Área de Trabalho\dataset\Papula\baixados (3).jpg</path>
	<source>
		<database>Unknown</database>
	</source>
	<size>
		<width>348</width>
		<height>191</height>
		<depth>3</depth>
	</size>
	<segmented>0</segmented>
	<object>
		<name>papula</name>
		<pose>Unspecified</pose>
		<truncated>0</truncated>
		<difficult>0</difficult>
		<bndbox>
			<xmin>62</xmin>
			<ymin>114</ymin>
			<xmax>222</xmax>
			<ymax>190</ymax>
		</bndbox>
	</object>
	<object>
		<name>papula</name>
		<pose>Unspecified</pose>
		<truncated>0</truncated>
		<difficult>0</difficult>
		<bndbox>
			<xmin>10</xmin>
			<ymin>49</ymin>
			<xmax>67</xmax>
			<ymax>110</ymax>
		</bndbox>
	</object>
	<object>
		<name>papula</name>
		<pose>Unspecified</pose>
		<truncated>0</truncated>
		<difficult>0</difficult>
		<bndbox>
			<xmin>148</xmin>
			<ymin>29</ymin>
			<xmax>211</xmax>
			<ymax>56</ymax>
		</bndbox>
	</object>
	<object>
		<name>papula</name>
		<pose>Unspecified</pose>
		<truncated>0</truncated>
		<difficult>0</difficult>
		<bndbox>
			<xmin>272</xmin>
			<ymin>128</ymin>
			<xmax>309</xmax>
			<ymax>173</ymax>
		</bndbox>
	</object>
</annotation>
