<annotation>
	<folder>Papula</folder>
	<filename>OIP (3).jpg</filename>
	<path>C:\Users\leomc\OneDrive\Área de Trabalho\dataset\Papula\OIP (3).jpg</path>
	<source>
		<database>Unknown</database>
	</source>
	<size>
		<width>257</width>
		<height>198</height>
		<depth>3</depth>
	</size>
	<segmented>0</segmented>
	<object>
		<name>papula</name>
		<pose>Unspecified</pose>
		<truncated>0</truncated>
		<difficult>0</difficult>
		<bndbox>
			<xmin>53</xmin>
			<ymin>68</ymin>
			<xmax>94</xmax>
			<ymax>98</ymax>
		</bndbox>
	</object>
	<object>
		<name>papula</name>
		<pose>Unspecified</pose>
		<truncated>0</truncated>
		<difficult>0</difficult>
		<bndbox>
			<xmin>130</xmin>
			<ymin>50</ymin>
			<xmax>154</xmax>
			<ymax>72</ymax>
		</bndbox>
	</object>
	<object>
		<name>papula</name>
		<pose>Unspecified</pose>
		<truncated>0</truncated>
		<difficult>0</difficult>
		<bndbox>
			<xmin>120</xmin>
			<ymin>183</ymin>
			<xmax>140</xmax>
			<ymax>196</ymax>
		</bndbox>
	</object>
	<object>
		<name>papula</name>
		<pose>Unspecified</pose>
		<truncated>0</truncated>
		<difficult>0</difficult>
		<bndbox>
			<xmin>206</xmin>
			<ymin>163</ymin>
			<xmax>239</xmax>
			<ymax>194</ymax>
		</bndbox>
	</object>
	<object>
		<name>papula</name>
		<pose>Unspecified</pose>
		<truncated>0</truncated>
		<difficult>0</difficult>
		<bndbox>
			<xmin>109</xmin>
			<ymin>112</ymin>
			<xmax>150</xmax>
			<ymax>145</ymax>
		</bndbox>
	</object>
	<object>
		<name>papula</name>
		<pose>Unspecified</pose>
		<truncated>0</truncated>
		<difficult>0</difficult>
		<bndbox>
			<xmin>143</xmin>
			<ymin>97</ymin>
			<xmax>164</xmax>
			<ymax>118</ymax>
		</bndbox>
	</object>
</annotation>
