<annotation>
	<folder>Papula</folder>
	<filename>OIP (8).jpg</filename>
	<path>C:\Users\leomc\OneDrive\Área de Trabalho\dataset\Papula\OIP (8).jpg</path>
	<source>
		<database>Unknown</database>
	</source>
	<size>
		<width>130</width>
		<height>198</height>
		<depth>3</depth>
	</size>
	<segmented>0</segmented>
	<object>
		<name>papula</name>
		<pose>Unspecified</pose>
		<truncated>0</truncated>
		<difficult>0</difficult>
		<bndbox>
			<xmin>21</xmin>
			<ymin>17</ymin>
			<xmax>63</xmax>
			<ymax>55</ymax>
		</bndbox>
	</object>
	<object>
		<name>papula</name>
		<pose>Unspecified</pose>
		<truncated>0</truncated>
		<difficult>0</difficult>
		<bndbox>
			<xmin>76</xmin>
			<ymin>26</ymin>
			<xmax>127</xmax>
			<ymax>55</ymax>
		</bndbox>
	</object>
	<object>
		<name>papula</name>
		<pose>Unspecified</pose>
		<truncated>1</truncated>
		<difficult>0</difficult>
		<bndbox>
			<xmin>22</xmin>
			<ymin>1</ymin>
			<xmax>109</xmax>
			<ymax>16</ymax>
		</bndbox>
	</object>
	<object>
		<name>papula</name>
		<pose>Unspecified</pose>
		<truncated>0</truncated>
		<difficult>0</difficult>
		<bndbox>
			<xmin>90</xmin>
			<ymin>100</ymin>
			<xmax>115</xmax>
			<ymax>115</ymax>
		</bndbox>
	</object>
	<object>
		<name>papula</name>
		<pose>Unspecified</pose>
		<truncated>0</truncated>
		<difficult>0</difficult>
		<bndbox>
			<xmin>91</xmin>
			<ymin>120</ymin>
			<xmax>127</xmax>
			<ymax>140</ymax>
		</bndbox>
	</object>
	<object>
		<name>papula</name>
		<pose>Unspecified</pose>
		<truncated>1</truncated>
		<difficult>0</difficult>
		<bndbox>
			<xmin>1</xmin>
			<ymin>45</ymin>
			<xmax>11</xmax>
			<ymax>80</ymax>
		</bndbox>
	</object>
	<object>
		<name>papula</name>
		<pose>Unspecified</pose>
		<truncated>0</truncated>
		<difficult>0</difficult>
		<bndbox>
			<xmin>32</xmin>
			<ymin>116</ymin>
			<xmax>56</xmax>
			<ymax>143</ymax>
		</bndbox>
	</object>
</annotation>
