<annotation>
	<folder>placa</folder>
	<filename>baixados (3).jpg</filename>
	<path>C:\Users\leomc\OneDrive\Área de Trabalho\dataset\placa\baixados (3).jpg</path>
	<source>
		<database>Unknown</database>
	</source>
	<size>
		<width>353</width>
		<height>182</height>
		<depth>3</depth>
	</size>
	<segmented>0</segmented>
	<object>
		<name>placa</name>
		<pose>Unspecified</pose>
		<truncated>0</truncated>
		<difficult>0</difficult>
		<bndbox>
			<xmin>67</xmin>
			<ymin>53</ymin>
			<xmax>352</xmax>
			<ymax>141</ymax>
		</bndbox>
	</object>
	<object>
		<name>placa</name>
		<pose>Unspecified</pose>
		<truncated>0</truncated>
		<difficult>0</difficult>
		<bndbox>
			<xmin>120</xmin>
			<ymin>26</ymin>
			<xmax>157</xmax>
			<ymax>51</ymax>
		</bndbox>
	</object>
	<object>
		<name>placa</name>
		<pose>Unspecified</pose>
		<truncated>0</truncated>
		<difficult>0</difficult>
		<bndbox>
			<xmin>210</xmin>
			<ymin>38</ymin>
			<xmax>256</xmax>
			<ymax>79</ymax>
		</bndbox>
	</object>
	<object>
		<name>placa</name>
		<pose>Unspecified</pose>
		<truncated>1</truncated>
		<difficult>0</difficult>
		<bndbox>
			<xmin>291</xmin>
			<ymin>1</ymin>
			<xmax>322</xmax>
			<ymax>23</ymax>
		</bndbox>
	</object>
</annotation>
