<annotation>
	<folder>Papula</folder>
	<filename>OIP (14).jpg</filename>
	<path>C:\Users\leomc\OneDrive\Área de Trabalho\dataset\Papula\OIP (14).jpg</path>
	<source>
		<database>Unknown</database>
	</source>
	<size>
		<width>311</width>
		<height>198</height>
		<depth>3</depth>
	</size>
	<segmented>0</segmented>
	<object>
		<name>papula</name>
		<pose>Unspecified</pose>
		<truncated>0</truncated>
		<difficult>0</difficult>
		<bndbox>
			<xmin>32</xmin>
			<ymin>65</ymin>
			<xmax>108</xmax>
			<ymax>175</ymax>
		</bndbox>
	</object>
	<object>
		<name>papula</name>
		<pose>Unspecified</pose>
		<truncated>1</truncated>
		<difficult>0</difficult>
		<bndbox>
			<xmin>68</xmin>
			<ymin>1</ymin>
			<xmax>136</xmax>
			<ymax>65</ymax>
		</bndbox>
	</object>
	<object>
		<name>papula</name>
		<pose>Unspecified</pose>
		<truncated>0</truncated>
		<difficult>0</difficult>
		<bndbox>
			<xmin>103</xmin>
			<ymin>81</ymin>
			<xmax>145</xmax>
			<ymax>122</ymax>
		</bndbox>
	</object>
	<object>
		<name>papula</name>
		<pose>Unspecified</pose>
		<truncated>0</truncated>
		<difficult>0</difficult>
		<bndbox>
			<xmin>104</xmin>
			<ymin>129</ymin>
			<xmax>143</xmax>
			<ymax>147</ymax>
		</bndbox>
	</object>
	<object>
		<name>papula</name>
		<pose>Unspecified</pose>
		<truncated>0</truncated>
		<difficult>0</difficult>
		<bndbox>
			<xmin>119</xmin>
			<ymin>64</ymin>
			<xmax>134</xmax>
			<ymax>74</ymax>
		</bndbox>
	</object>
	<object>
		<name>papula</name>
		<pose>Unspecified</pose>
		<truncated>0</truncated>
		<difficult>0</difficult>
		<bndbox>
			<xmin>215</xmin>
			<ymin>159</ymin>
			<xmax>236</xmax>
			<ymax>195</ymax>
		</bndbox>
	</object>
	<object>
		<name>papula</name>
		<pose>Unspecified</pose>
		<truncated>0</truncated>
		<difficult>0</difficult>
		<bndbox>
			<xmin>143</xmin>
			<ymin>160</ymin>
			<xmax>158</xmax>
			<ymax>170</ymax>
		</bndbox>
	</object>
	<object>
		<name>papula</name>
		<pose>Unspecified</pose>
		<truncated>0</truncated>
		<difficult>0</difficult>
		<bndbox>
			<xmin>152</xmin>
			<ymin>127</ymin>
			<xmax>165</xmax>
			<ymax>139</ymax>
		</bndbox>
	</object>
	<object>
		<name>papula</name>
		<pose>Unspecified</pose>
		<truncated>1</truncated>
		<difficult>0</difficult>
		<bndbox>
			<xmin>94</xmin>
			<ymin>176</ymin>
			<xmax>120</xmax>
			<ymax>198</ymax>
		</bndbox>
	</object>
	<object>
		<name>papula</name>
		<pose>Unspecified</pose>
		<truncated>0</truncated>
		<difficult>0</difficult>
		<bndbox>
			<xmin>175</xmin>
			<ymin>169</ymin>
			<xmax>190</xmax>
			<ymax>189</ymax>
		</bndbox>
	</object>
	<object>
		<name>papula</name>
		<pose>Unspecified</pose>
		<truncated>0</truncated>
		<difficult>0</difficult>
		<bndbox>
			<xmin>191</xmin>
			<ymin>147</ymin>
			<xmax>214</xmax>
			<ymax>159</ymax>
		</bndbox>
	</object>
	<object>
		<name>papula</name>
		<pose>Unspecified</pose>
		<truncated>0</truncated>
		<difficult>0</difficult>
		<bndbox>
			<xmin>257</xmin>
			<ymin>137</ymin>
			<xmax>272</xmax>
			<ymax>150</ymax>
		</bndbox>
	</object>
	<object>
		<name>papula</name>
		<pose>Unspecified</pose>
		<truncated>0</truncated>
		<difficult>0</difficult>
		<bndbox>
			<xmin>174</xmin>
			<ymin>121</ymin>
			<xmax>184</xmax>
			<ymax>130</ymax>
		</bndbox>
	</object>
	<object>
		<name>papula</name>
		<pose>Unspecified</pose>
		<truncated>0</truncated>
		<difficult>0</difficult>
		<bndbox>
			<xmin>183</xmin>
			<ymin>104</ymin>
			<xmax>196</xmax>
			<ymax>113</ymax>
		</bndbox>
	</object>
	<object>
		<name>papula</name>
		<pose>Unspecified</pose>
		<truncated>0</truncated>
		<difficult>0</difficult>
		<bndbox>
			<xmin>137</xmin>
			<ymin>147</ymin>
			<xmax>149</xmax>
			<ymax>158</ymax>
		</bndbox>
	</object>
	<object>
		<name>papula</name>
		<pose>Unspecified</pose>
		<truncated>0</truncated>
		<difficult>0</difficult>
		<bndbox>
			<xmin>210</xmin>
			<ymin>169</ymin>
			<xmax>220</xmax>
			<ymax>185</ymax>
		</bndbox>
	</object>
</annotation>
