<annotation>
	<folder>nodulo</folder>
	<filename>2a71c3bea63c4664ef334abf88e83199.jpg</filename>
	<path>C:\Users\leomc\OneDrive\Área de Trabalho\dataset\nodulo\2a71c3bea63c4664ef334abf88e83199.jpg</path>
	<source>
		<database>Unknown</database>
	</source>
	<size>
		<width>1456</width>
		<height>2154</height>
		<depth>3</depth>
	</size>
	<segmented>0</segmented>
	<object>
		<name>nodulo</name>
		<pose>Unspecified</pose>
		<truncated>0</truncated>
		<difficult>0</difficult>
		<bndbox>
			<xmin>668</xmin>
			<ymin>877</ymin>
			<xmax>1063</xmax>
			<ymax>1262</ymax>
		</bndbox>
	</object>
</annotation>
