<annotation>
	<folder>nodulo</folder>
	<filename>7ef8f18c31475f5d52cf80e96cdef827.jpg</filename>
	<path>C:\Users\leomc\OneDrive\Área de Trabalho\dataset\nodulo\7ef8f18c31475f5d52cf80e96cdef827.jpg</path>
	<source>
		<database>Unknown</database>
	</source>
	<size>
		<width>738</width>
		<height>428</height>
		<depth>3</depth>
	</size>
	<segmented>0</segmented>
	<object>
		<name>nodulo</name>
		<pose>Unspecified</pose>
		<truncated>1</truncated>
		<difficult>0</difficult>
		<bndbox>
			<xmin>262</xmin>
			<ymin>204</ymin>
			<xmax>504</xmax>
			<ymax>428</ymax>
		</bndbox>
	</object>
</annotation>
