<annotation>
	<folder>nodulo</folder>
	<filename>baixados (1).jpg</filename>
	<path>C:\Users\leomc\OneDrive\Área de Trabalho\dataset\nodulo\baixados (1).jpg</path>
	<source>
		<database>Unknown</database>
	</source>
	<size>
		<width>272</width>
		<height>204</height>
		<depth>3</depth>
	</size>
	<segmented>0</segmented>
	<object>
		<name>nodulo</name>
		<pose>Unspecified</pose>
		<truncated>0</truncated>
		<difficult>0</difficult>
		<bndbox>
			<xmin>55</xmin>
			<ymin>29</ymin>
			<xmax>76</xmax>
			<ymax>47</ymax>
		</bndbox>
	</object>
	<object>
		<name>nodulo</name>
		<pose>Unspecified</pose>
		<truncated>0</truncated>
		<difficult>0</difficult>
		<bndbox>
			<xmin>67</xmin>
			<ymin>149</ymin>
			<xmax>126</xmax>
			<ymax>191</ymax>
		</bndbox>
	</object>
	<object>
		<name>nodulo</name>
		<pose>Unspecified</pose>
		<truncated>0</truncated>
		<difficult>0</difficult>
		<bndbox>
			<xmin>133</xmin>
			<ymin>131</ymin>
			<xmax>150</xmax>
			<ymax>152</ymax>
		</bndbox>
	</object>
	<object>
		<name>nodulo</name>
		<pose>Unspecified</pose>
		<truncated>0</truncated>
		<difficult>0</difficult>
		<bndbox>
			<xmin>69</xmin>
			<ymin>67</ymin>
			<xmax>168</xmax>
			<ymax>115</ymax>
		</bndbox>
	</object>
	<object>
		<name>nodulo</name>
		<pose>Unspecified</pose>
		<truncated>0</truncated>
		<difficult>0</difficult>
		<bndbox>
			<xmin>119</xmin>
			<ymin>38</ymin>
			<xmax>162</xmax>
			<ymax>60</ymax>
		</bndbox>
	</object>
</annotation>
