<annotation>
	<folder>placa</folder>
	<filename>baixados.jpg</filename>
	<path>C:\Users\leomc\OneDrive\Área de Trabalho\dataset\placa\baixados.jpg</path>
	<source>
		<database>Unknown</database>
	</source>
	<size>
		<width>281</width>
		<height>198</height>
		<depth>3</depth>
	</size>
	<segmented>0</segmented>
	<object>
		<name>placa</name>
		<pose>Unspecified</pose>
		<truncated>0</truncated>
		<difficult>0</difficult>
		<bndbox>
			<xmin>39</xmin>
			<ymin>25</ymin>
			<xmax>255</xmax>
			<ymax>143</ymax>
		</bndbox>
	</object>
</annotation>
