<annotation>
	<folder>nodulo</folder>
	<filename>baixados.jpg</filename>
	<path>C:\Users\leomc\OneDrive\Área de Trabalho\dataset\nodulo\baixados.jpg</path>
	<source>
		<database>Unknown</database>
	</source>
	<size>
		<width>315</width>
		<height>199</height>
		<depth>3</depth>
	</size>
	<segmented>0</segmented>
	<object>
		<name>nodulo</name>
		<pose>Unspecified</pose>
		<truncated>0</truncated>
		<difficult>0</difficult>
		<bndbox>
			<xmin>121</xmin>
			<ymin>72</ymin>
			<xmax>190</xmax>
			<ymax>175</ymax>
		</bndbox>
	</object>
</annotation>
