<annotation>
	<folder>nodulo</folder>
	<filename>Cordon-like-lymphadenopathy_Q640.jpg</filename>
	<path>C:\Users\leomc\OneDrive\Área de Trabalho\dataset\nodulo\Cordon-like-lymphadenopathy_Q640.jpg</path>
	<source>
		<database>Unknown</database>
	</source>
	<size>
		<width>482</width>
		<height>482</height>
		<depth>3</depth>
	</size>
	<segmented>0</segmented>
	<object>
		<name>nodulo</name>
		<pose>Unspecified</pose>
		<truncated>0</truncated>
		<difficult>0</difficult>
		<bndbox>
			<xmin>175</xmin>
			<ymin>239</ymin>
			<xmax>283</xmax>
			<ymax>347</ymax>
		</bndbox>
	</object>
</annotation>
