<annotation>
	<folder>nodulo</folder>
	<filename>felty-sendromu-nedir.webp</filename>
	<path>C:\Users\leomc\OneDrive\Área de Trabalho\dataset\nodulo\felty-sendromu-nedir.webp</path>
	<source>
		<database>Unknown</database>
	</source>
	<size>
		<width>890</width>
		<height>468</height>
		<depth>3</depth>
	</size>
	<segmented>0</segmented>
	<object>
		<name>nodulo</name>
		<pose>Unspecified</pose>
		<truncated>0</truncated>
		<difficult>0</difficult>
		<bndbox>
			<xmin>339</xmin>
			<ymin>94</ymin>
			<xmax>555</xmax>
			<ymax>315</ymax>
		</bndbox>
	</object>
	<object>
		<name>nodulo</name>
		<pose>Unspecified</pose>
		<truncated>0</truncated>
		<difficult>0</difficult>
		<bndbox>
			<xmin>130</xmin>
			<ymin>46</ymin>
			<xmax>330</xmax>
			<ymax>252</ymax>
		</bndbox>
	</object>
	<object>
		<name>nodulo</name>
		<pose>Unspecified</pose>
		<truncated>0</truncated>
		<difficult>0</difficult>
		<bndbox>
			<xmin>25</xmin>
			<ymin>101</ymin>
			<xmax>136</xmax>
			<ymax>230</ymax>
		</bndbox>
	</object>
</annotation>
