<annotation>
	<folder>nodulo</folder>
	<filename>OIP (3).jpg</filename>
	<path>C:\Users\leomc\OneDrive\Área de Trabalho\dataset\nodulo\OIP (3).jpg</path>
	<source>
		<database>Unknown</database>
	</source>
	<size>
		<width>260</width>
		<height>198</height>
		<depth>3</depth>
	</size>
	<segmented>0</segmented>
	<object>
		<name>nodulo</name>
		<pose>Unspecified</pose>
		<truncated>0</truncated>
		<difficult>0</difficult>
		<bndbox>
			<xmin>47</xmin>
			<ymin>118</ymin>
			<xmax>143</xmax>
			<ymax>152</ymax>
		</bndbox>
	</object>
	<object>
		<name>nodulo</name>
		<pose>Unspecified</pose>
		<truncated>0</truncated>
		<difficult>0</difficult>
		<bndbox>
			<xmin>26</xmin>
			<ymin>57</ymin>
			<xmax>115</xmax>
			<ymax>95</ymax>
		</bndbox>
	</object>
</annotation>
