<annotation>
	<folder>nodulo</folder>
	<filename>OIP (6).jpg</filename>
	<path>C:\Users\leomc\OneDrive\Área de Trabalho\dataset\nodulo\OIP (6).jpg</path>
	<source>
		<database>Unknown</database>
	</source>
	<size>
		<width>349</width>
		<height>198</height>
		<depth>3</depth>
	</size>
	<segmented>0</segmented>
	<object>
		<name>nodulo</name>
		<pose>Unspecified</pose>
		<truncated>0</truncated>
		<difficult>0</difficult>
		<bndbox>
			<xmin>43</xmin>
			<ymin>90</ymin>
			<xmax>78</xmax>
			<ymax>115</ymax>
		</bndbox>
	</object>
	<object>
		<name>nodulo</name>
		<pose>Unspecified</pose>
		<truncated>0</truncated>
		<difficult>0</difficult>
		<bndbox>
			<xmin>231</xmin>
			<ymin>100</ymin>
			<xmax>294</xmax>
			<ymax>132</ymax>
		</bndbox>
	</object>
</annotation>
