<annotation>
	<folder>placa</folder>
	<filename>OIP (1).jpg</filename>
	<path>C:\Users\leomc\OneDrive\Área de Trabalho\dataset\placa\OIP (1).jpg</path>
	<source>
		<database>Unknown</database>
	</source>
	<size>
		<width>239</width>
		<height>209</height>
		<depth>3</depth>
	</size>
	<segmented>0</segmented>
	<object>
		<name>placa</name>
		<pose>Unspecified</pose>
		<truncated>0</truncated>
		<difficult>0</difficult>
		<bndbox>
			<xmin>15</xmin>
			<ymin>36</ymin>
			<xmax>231</xmax>
			<ymax>189</ymax>
		</bndbox>
	</object>
</annotation>
