<annotation>
	<folder>nodulo</folder>
	<filename>OIP (11).jpg</filename>
	<path>C:\Users\leomc\OneDrive\Área de Trabalho\dataset\nodulo\OIP (11).jpg</path>
	<source>
		<database>Unknown</database>
	</source>
	<size>
		<width>700</width>
		<height>525</height>
		<depth>3</depth>
	</size>
	<segmented>0</segmented>
	<object>
		<name>nodulo</name>
		<pose>Unspecified</pose>
		<truncated>0</truncated>
		<difficult>0</difficult>
		<bndbox>
			<xmin>228</xmin>
			<ymin>173</ymin>
			<xmax>427</xmax>
			<ymax>351</ymax>
		</bndbox>
	</object>
</annotation>
