<annotation>
	<folder>nodulo</folder>
	<filename>OIP (14).jpg</filename>
	<path>C:\Users\leomc\OneDrive\Área de Trabalho\dataset\nodulo\OIP (14).jpg</path>
	<source>
		<database>Unknown</database>
	</source>
	<size>
		<width>1002</width>
		<height>774</height>
		<depth>3</depth>
	</size>
	<segmented>0</segmented>
	<object>
		<name>nodulo</name>
		<pose>Unspecified</pose>
		<truncated>0</truncated>
		<difficult>0</difficult>
		<bndbox>
			<xmin>344</xmin>
			<ymin>217</ymin>
			<xmax>564</xmax>
			<ymax>406</ymax>
		</bndbox>
	</object>
</annotation>
