<annotation>
	<folder>nodulo</folder>
	<filename>OIP.jpg</filename>
	<path>C:\Users\leomc\OneDrive\Área de Trabalho\dataset\nodulo\OIP.jpg</path>
	<source>
		<database>Unknown</database>
	</source>
	<size>
		<width>277</width>
		<height>207</height>
		<depth>3</depth>
	</size>
	<segmented>0</segmented>
	<object>
		<name>nodulo</name>
		<pose>Unspecified</pose>
		<truncated>0</truncated>
		<difficult>0</difficult>
		<bndbox>
			<xmin>95</xmin>
			<ymin>74</ymin>
			<xmax>147</xmax>
			<ymax>116</ymax>
		</bndbox>
	</object>
</annotation>
