<annotation>
	<folder>nodulo</folder>
	<filename>Violaceous-nodules-on-the-extensor-surface-of-inter-phalangeal-joints_Q320.jpg</filename>
	<path>C:\Users\leomc\OneDrive\Área de Trabalho\dataset\nodulo\Violaceous-nodules-on-the-extensor-surface-of-inter-phalangeal-joints_Q320.jpg</path>
	<source>
		<database>Unknown</database>
	</source>
	<size>
		<width>320</width>
		<height>320</height>
		<depth>3</depth>
	</size>
	<segmented>0</segmented>
	<object>
		<name>nodulo</name>
		<pose>Unspecified</pose>
		<truncated>0</truncated>
		<difficult>0</difficult>
		<bndbox>
			<xmin>10</xmin>
			<ymin>101</ymin>
			<xmax>69</xmax>
			<ymax>158</ymax>
		</bndbox>
	</object>
	<object>
		<name>nodulo</name>
		<pose>Unspecified</pose>
		<truncated>0</truncated>
		<difficult>0</difficult>
		<bndbox>
			<xmin>233</xmin>
			<ymin>81</ymin>
			<xmax>316</xmax>
			<ymax>165</ymax>
		</bndbox>
	</object>
	<object>
		<name>nodulo</name>
		<pose>Unspecified</pose>
		<truncated>0</truncated>
		<difficult>0</difficult>
		<bndbox>
			<xmin>65</xmin>
			<ymin>274</ymin>
			<xmax>117</xmax>
			<ymax>315</ymax>
		</bndbox>
	</object>
	<object>
		<name>nodulo</name>
		<pose>Unspecified</pose>
		<truncated>0</truncated>
		<difficult>0</difficult>
		<bndbox>
			<xmin>118</xmin>
			<ymin>240</ymin>
			<xmax>181</xmax>
			<ymax>302</ymax>
		</bndbox>
	</object>
	<object>
		<name>nodulo</name>
		<pose>Unspecified</pose>
		<truncated>0</truncated>
		<difficult>0</difficult>
		<bndbox>
			<xmin>173</xmin>
			<ymin>229</ymin>
			<xmax>231</xmax>
			<ymax>288</ymax>
		</bndbox>
	</object>
</annotation>
