<annotation>
	<folder>moridad de cachorro</folder>
	<filename>al_bite_01.jpg</filename>
	<path>C:\Users\leomc\OneDrive\Área de Trabalho\dataset\moridad de cachorro\al_bite_01.jpg</path>
	<source>
		<database>Unknown</database>
	</source>
	<size>
		<width>300</width>
		<height>200</height>
		<depth>3</depth>
	</size>
	<segmented>0</segmented>
	<object>
		<name>mordida</name>
		<pose>Unspecified</pose>
		<truncated>0</truncated>
		<difficult>0</difficult>
		<bndbox>
			<xmin>98</xmin>
			<ymin>60</ymin>
			<xmax>181</xmax>
			<ymax>141</ymax>
		</bndbox>
	</object>
	<object>
		<name>mordida</name>
		<pose>Unspecified</pose>
		<truncated>0</truncated>
		<difficult>0</difficult>
		<bndbox>
			<xmin>192</xmin>
			<ymin>7</ymin>
			<xmax>234</xmax>
			<ymax>72</ymax>
		</bndbox>
	</object>
</annotation>
