<annotation>
	<folder>moridad de cachorro</folder>
	<filename>fresh-bloody-place-in-skin-nasty-looking-bruise-on-leg-detailed-shot-the-open-wound-before-plaster-covering-in-ambulancy-P768HN.jpg</filename>
	<path>C:\Users\leomc\OneDrive\Área de Trabalho\dataset\moridad de cachorro\fresh-bloody-place-in-skin-nasty-looking-bruise-on-leg-detailed-shot-the-open-wound-before-plaster-covering-in-ambulancy-P768HN.jpg</path>
	<source>
		<database>Unknown</database>
	</source>
	<size>
		<width>1300</width>
		<height>1066</height>
		<depth>3</depth>
	</size>
	<segmented>0</segmented>
	<object>
		<name>mordida</name>
		<pose>Unspecified</pose>
		<truncated>0</truncated>
		<difficult>0</difficult>
		<bndbox>
			<xmin>414</xmin>
			<ymin>331</ymin>
			<xmax>1031</xmax>
			<ymax>620</ymax>
		</bndbox>
	</object>
</annotation>
