<annotation>
	<folder>moridad de cachorro</folder>
	<filename>istockphoto-1324957605-612x612.jpg</filename>
	<path>C:\Users\leomc\OneDrive\Área de Trabalho\dataset\moridad de cachorro\istockphoto-1324957605-612x612.jpg</path>
	<source>
		<database>Unknown</database>
	</source>
	<size>
		<width>612</width>
		<height>408</height>
		<depth>3</depth>
	</size>
	<segmented>0</segmented>
	<object>
		<name>mordida</name>
		<pose>Unspecified</pose>
		<truncated>0</truncated>
		<difficult>0</difficult>
		<bndbox>
			<xmin>239</xmin>
			<ymin>64</ymin>
			<xmax>342</xmax>
			<ymax>186</ymax>
		</bndbox>
	</object>
	<object>
		<name>mordida</name>
		<pose>Unspecified</pose>
		<truncated>0</truncated>
		<difficult>0</difficult>
		<bndbox>
			<xmin>254</xmin>
			<ymin>230</ymin>
			<xmax>310</xmax>
			<ymax>335</ymax>
		</bndbox>
	</object>
</annotation>
