<annotation>
	<folder>moridad de cachorro</folder>
	<filename>mordedura-de-perro-signos-y-sintomas.jpg</filename>
	<path>C:\Users\leomc\OneDrive\Área de Trabalho\dataset\moridad de cachorro\mordedura-de-perro-signos-y-sintomas.jpg</path>
	<source>
		<database>Unknown</database>
	</source>
	<size>
		<width>600</width>
		<height>392</height>
		<depth>3</depth>
	</size>
	<segmented>0</segmented>
	<object>
		<name>mordida</name>
		<pose>Unspecified</pose>
		<truncated>0</truncated>
		<difficult>0</difficult>
		<bndbox>
			<xmin>157</xmin>
			<ymin>158</ymin>
			<xmax>220</xmax>
			<ymax>239</ymax>
		</bndbox>
	</object>
	<object>
		<name>mordida</name>
		<pose>Unspecified</pose>
		<truncated>0</truncated>
		<difficult>0</difficult>
		<bndbox>
			<xmin>184</xmin>
			<ymin>277</ymin>
			<xmax>256</xmax>
			<ymax>344</ymax>
		</bndbox>
	</object>
	<object>
		<name>mordida</name>
		<pose>Unspecified</pose>
		<truncated>0</truncated>
		<difficult>0</difficult>
		<bndbox>
			<xmin>286</xmin>
			<ymin>208</ymin>
			<xmax>407</xmax>
			<ymax>321</ymax>
		</bndbox>
	</object>
	<object>
		<name>mordida</name>
		<pose>Unspecified</pose>
		<truncated>0</truncated>
		<difficult>0</difficult>
		<bndbox>
			<xmin>292</xmin>
			<ymin>51</ymin>
			<xmax>411</xmax>
			<ymax>190</ymax>
		</bndbox>
	</object>
</annotation>
