<annotation>
	<folder>moridad de cachorro</folder>
	<filename>OIP (1).jpg</filename>
	<path>C:\Users\leomc\OneDrive\Área de Trabalho\dataset\moridad de cachorro\OIP (1).jpg</path>
	<source>
		<database>Unknown</database>
	</source>
	<size>
		<width>849</width>
		<height>566</height>
		<depth>3</depth>
	</size>
	<segmented>0</segmented>
	<object>
		<name>mordida</name>
		<pose>Unspecified</pose>
		<truncated>0</truncated>
		<difficult>0</difficult>
		<bndbox>
			<xmin>360</xmin>
			<ymin>198</ymin>
			<xmax>504</xmax>
			<ymax>395</ymax>
		</bndbox>
	</object>
	<object>
		<name>mordida</name>
		<pose>Unspecified</pose>
		<truncated>0</truncated>
		<difficult>0</difficult>
		<bndbox>
			<xmin>381</xmin>
			<ymin>438</ymin>
			<xmax>447</xmax>
			<ymax>511</ymax>
		</bndbox>
	</object>
</annotation>
