<annotation>
	<folder>moridad de cachorro</folder>
	<filename>OIP (3).jpg</filename>
	<path>C:\Users\leomc\OneDrive\Área de Trabalho\dataset\moridad de cachorro\OIP (3).jpg</path>
	<source>
		<database>Unknown</database>
	</source>
	<size>
		<width>133</width>
		<height>200</height>
		<depth>3</depth>
	</size>
	<segmented>0</segmented>
	<object>
		<name>mordida</name>
		<pose>Unspecified</pose>
		<truncated>0</truncated>
		<difficult>0</difficult>
		<bndbox>
			<xmin>27</xmin>
			<ymin>63</ymin>
			<xmax>91</xmax>
			<ymax>160</ymax>
		</bndbox>
	</object>
</annotation>
