<annotation>
	<folder>moridad de cachorro</folder>
	<filename>OIP (4).jpg</filename>
	<path>C:\Users\leomc\OneDrive\Área de Trabalho\dataset\moridad de cachorro\OIP (4).jpg</path>
	<source>
		<database>Unknown</database>
	</source>
	<size>
		<width>720</width>
		<height>480</height>
		<depth>3</depth>
	</size>
	<segmented>0</segmented>
	<object>
		<name>mordida</name>
		<pose>Unspecified</pose>
		<truncated>0</truncated>
		<difficult>0</difficult>
		<bndbox>
			<xmin>221</xmin>
			<ymin>116</ymin>
			<xmax>601</xmax>
			<ymax>406</ymax>
		</bndbox>
	</object>
</annotation>
