<annotation>
	<folder>moridad de cachorro</folder>
	<filename>OIP (5).jpg</filename>
	<path>C:\Users\leomc\OneDrive\Área de Trabalho\dataset\moridad de cachorro\OIP (5).jpg</path>
	<source>
		<database>Unknown</database>
	</source>
	<size>
		<width>960</width>
		<height>720</height>
		<depth>3</depth>
	</size>
	<segmented>0</segmented>
	<object>
		<name>mordida</name>
		<pose>Unspecified</pose>
		<truncated>0</truncated>
		<difficult>0</difficult>
		<bndbox>
			<xmin>648</xmin>
			<ymin>165</ymin>
			<xmax>752</xmax>
			<ymax>360</ymax>
		</bndbox>
	</object>
	<object>
		<name>mordida</name>
		<pose>Unspecified</pose>
		<truncated>0</truncated>
		<difficult>0</difficult>
		<bndbox>
			<xmin>535</xmin>
			<ymin>419</ymin>
			<xmax>645</xmax>
			<ymax>531</ymax>
		</bndbox>
	</object>
	<object>
		<name>mordida</name>
		<pose>Unspecified</pose>
		<truncated>0</truncated>
		<difficult>0</difficult>
		<bndbox>
			<xmin>60</xmin>
			<ymin>320</ymin>
			<xmax>158</xmax>
			<ymax>483</ymax>
		</bndbox>
	</object>
	<object>
		<name>mordida</name>
		<pose>Unspecified</pose>
		<truncated>0</truncated>
		<difficult>0</difficult>
		<bndbox>
			<xmin>88</xmin>
			<ymin>191</ymin>
			<xmax>251</xmax>
			<ymax>318</ymax>
		</bndbox>
	</object>
	<object>
		<name>mordida</name>
		<pose>Unspecified</pose>
		<truncated>0</truncated>
		<difficult>0</difficult>
		<bndbox>
			<xmin>152</xmin>
			<ymin>425</ymin>
			<xmax>416</xmax>
			<ymax>505</ymax>
		</bndbox>
	</object>
</annotation>
