<annotation>
	<folder>macula</folder>
	<filename>23.jpg</filename>
	<path>C:\Users\leomc\OneDrive\Área de Trabalho\dataset\macula\23.jpg</path>
	<source>
		<database>Unknown</database>
	</source>
	<size>
		<width>322</width>
		<height>198</height>
		<depth>3</depth>
	</size>
	<segmented>0</segmented>
	<object>
		<name>macula</name>
		<pose>Unspecified</pose>
		<truncated>0</truncated>
		<difficult>0</difficult>
		<bndbox>
			<xmin>128</xmin>
			<ymin>12</ymin>
			<xmax>142</xmax>
			<ymax>27</ymax>
		</bndbox>
	</object>
	<object>
		<name>macula</name>
		<pose>Unspecified</pose>
		<truncated>0</truncated>
		<difficult>0</difficult>
		<bndbox>
			<xmin>254</xmin>
			<ymin>21</ymin>
			<xmax>288</xmax>
			<ymax>48</ymax>
		</bndbox>
	</object>
	<object>
		<name>macula</name>
		<pose>Unspecified</pose>
		<truncated>0</truncated>
		<difficult>0</difficult>
		<bndbox>
			<xmin>209</xmin>
			<ymin>85</ymin>
			<xmax>220</xmax>
			<ymax>104</ymax>
		</bndbox>
	</object>
	<object>
		<name>macula</name>
		<pose>Unspecified</pose>
		<truncated>0</truncated>
		<difficult>0</difficult>
		<bndbox>
			<xmin>250</xmin>
			<ymin>81</ymin>
			<xmax>265</xmax>
			<ymax>91</ymax>
		</bndbox>
	</object>
	<object>
		<name>macula</name>
		<pose>Unspecified</pose>
		<truncated>0</truncated>
		<difficult>0</difficult>
		<bndbox>
			<xmin>253</xmin>
			<ymin>125</ymin>
			<xmax>266</xmax>
			<ymax>140</ymax>
		</bndbox>
	</object>
	<object>
		<name>macula</name>
		<pose>Unspecified</pose>
		<truncated>0</truncated>
		<difficult>0</difficult>
		<bndbox>
			<xmin>214</xmin>
			<ymin>61</ymin>
			<xmax>224</xmax>
			<ymax>73</ymax>
		</bndbox>
	</object>
	<object>
		<name>macula</name>
		<pose>Unspecified</pose>
		<truncated>0</truncated>
		<difficult>0</difficult>
		<bndbox>
			<xmin>105</xmin>
			<ymin>47</ymin>
			<xmax>121</xmax>
			<ymax>64</ymax>
		</bndbox>
	</object>
	<object>
		<name>macula</name>
		<pose>Unspecified</pose>
		<truncated>0</truncated>
		<difficult>0</difficult>
		<bndbox>
			<xmin>150</xmin>
			<ymin>82</ymin>
			<xmax>171</xmax>
			<ymax>105</ymax>
		</bndbox>
	</object>
	<object>
		<name>macula</name>
		<pose>Unspecified</pose>
		<truncated>1</truncated>
		<difficult>0</difficult>
		<bndbox>
			<xmin>153</xmin>
			<ymin>1</ymin>
			<xmax>166</xmax>
			<ymax>12</ymax>
		</bndbox>
	</object>
	<object>
		<name>macula</name>
		<pose>Unspecified</pose>
		<truncated>1</truncated>
		<difficult>0</difficult>
		<bndbox>
			<xmin>210</xmin>
			<ymin>1</ymin>
			<xmax>232</xmax>
			<ymax>14</ymax>
		</bndbox>
	</object>
	<object>
		<name>macula</name>
		<pose>Unspecified</pose>
		<truncated>0</truncated>
		<difficult>0</difficult>
		<bndbox>
			<xmin>308</xmin>
			<ymin>51</ymin>
			<xmax>318</xmax>
			<ymax>63</ymax>
		</bndbox>
	</object>
</annotation>
