<annotation>
	<folder>macula</folder>
	<filename>64.jpg</filename>
	<path>C:\Users\leomc\OneDrive\Área de Trabalho\dataset\macula\64.jpg</path>
	<source>
		<database>Unknown</database>
	</source>
	<size>
		<width>383</width>
		<height>191</height>
		<depth>3</depth>
	</size>
	<segmented>0</segmented>
	<object>
		<name>macula</name>
		<pose>Unspecified</pose>
		<truncated>0</truncated>
		<difficult>0</difficult>
		<bndbox>
			<xmin>85</xmin>
			<ymin>5</ymin>
			<xmax>277</xmax>
			<ymax>173</ymax>
		</bndbox>
	</object>
</annotation>
