<annotation>
	<folder>macula</folder>
	<filename>baixados (1).jpg</filename>
	<path>C:\Users\leomc\OneDrive\Área de Trabalho\dataset\macula\baixados (1).jpg</path>
	<source>
		<database>Unknown</database>
	</source>
	<size>
		<width>248</width>
		<height>198</height>
		<depth>3</depth>
	</size>
	<segmented>0</segmented>
	<object>
		<name>macula</name>
		<pose>Unspecified</pose>
		<truncated>0</truncated>
		<difficult>0</difficult>
		<bndbox>
			<xmin>90</xmin>
			<ymin>45</ymin>
			<xmax>155</xmax>
			<ymax>114</ymax>
		</bndbox>
	</object>
	<object>
		<name>macula</name>
		<pose>Unspecified</pose>
		<truncated>0</truncated>
		<difficult>0</difficult>
		<bndbox>
			<xmin>169</xmin>
			<ymin>100</ymin>
			<xmax>194</xmax>
			<ymax>144</ymax>
		</bndbox>
	</object>
	<object>
		<name>macula</name>
		<pose>Unspecified</pose>
		<truncated>0</truncated>
		<difficult>0</difficult>
		<bndbox>
			<xmin>21</xmin>
			<ymin>36</ymin>
			<xmax>74</xmax>
			<ymax>76</ymax>
		</bndbox>
	</object>
</annotation>
