<annotation>
	<folder>macula</folder>
	<filename>c.jpg</filename>
	<path>C:\Users\leomc\OneDrive\Área de Trabalho\dataset\macula\c.jpg</path>
	<source>
		<database>Unknown</database>
	</source>
	<size>
		<width>348</width>
		<height>190</height>
		<depth>3</depth>
	</size>
	<segmented>0</segmented>
	<object>
		<name>macula</name>
		<pose>Unspecified</pose>
		<truncated>0</truncated>
		<difficult>0</difficult>
		<bndbox>
			<xmin>36</xmin>
			<ymin>4</ymin>
			<xmax>210</xmax>
			<ymax>101</ymax>
		</bndbox>
	</object>
	<object>
		<name>macula</name>
		<pose>Unspecified</pose>
		<truncated>1</truncated>
		<difficult>0</difficult>
		<bndbox>
			<xmin>165</xmin>
			<ymin>124</ymin>
			<xmax>347</xmax>
			<ymax>190</ymax>
		</bndbox>
	</object>
	<object>
		<name>macula</name>
		<pose>Unspecified</pose>
		<truncated>0</truncated>
		<difficult>0</difficult>
		<bndbox>
			<xmin>65</xmin>
			<ymin>114</ymin>
			<xmax>105</xmax>
			<ymax>128</ymax>
		</bndbox>
	</object>
	<object>
		<name>macula</name>
		<pose>Unspecified</pose>
		<truncated>0</truncated>
		<difficult>0</difficult>
		<bndbox>
			<xmin>51</xmin>
			<ymin>140</ymin>
			<xmax>84</xmax>
			<ymax>156</ymax>
		</bndbox>
	</object>
	<object>
		<name>macula</name>
		<pose>Unspecified</pose>
		<truncated>0</truncated>
		<difficult>0</difficult>
		<bndbox>
			<xmin>112</xmin>
			<ymin>112</ymin>
			<xmax>155</xmax>
			<ymax>140</ymax>
		</bndbox>
	</object>
	<object>
		<name>macula</name>
		<pose>Unspecified</pose>
		<truncated>0</truncated>
		<difficult>0</difficult>
		<bndbox>
			<xmin>212</xmin>
			<ymin>61</ymin>
			<xmax>346</xmax>
			<ymax>122</ymax>
		</bndbox>
	</object>
	<object>
		<name>macula</name>
		<pose>Unspecified</pose>
		<truncated>0</truncated>
		<difficult>0</difficult>
		<bndbox>
			<xmin>2</xmin>
			<ymin>113</ymin>
			<xmax>35</xmax>
			<ymax>158</ymax>
		</bndbox>
	</object>
	<object>
		<name>macula</name>
		<pose>Unspecified</pose>
		<truncated>0</truncated>
		<difficult>0</difficult>
		<bndbox>
			<xmin>214</xmin>
			<ymin>9</ymin>
			<xmax>231</xmax>
			<ymax>48</ymax>
		</bndbox>
	</object>
	<object>
		<name>macula</name>
		<pose>Unspecified</pose>
		<truncated>0</truncated>
		<difficult>0</difficult>
		<bndbox>
			<xmin>245</xmin>
			<ymin>10</ymin>
			<xmax>270</xmax>
			<ymax>30</ymax>
		</bndbox>
	</object>
	<object>
		<name>macula</name>
		<pose>Unspecified</pose>
		<truncated>0</truncated>
		<difficult>0</difficult>
		<bndbox>
			<xmin>279</xmin>
			<ymin>35</ymin>
			<xmax>317</xmax>
			<ymax>59</ymax>
		</bndbox>
	</object>
	<object>
		<name>macula</name>
		<pose>Unspecified</pose>
		<truncated>0</truncated>
		<difficult>0</difficult>
		<bndbox>
			<xmin>133</xmin>
			<ymin>145</ymin>
			<xmax>162</xmax>
			<ymax>162</ymax>
		</bndbox>
	</object>
	<object>
		<name>macula</name>
		<pose>Unspecified</pose>
		<truncated>0</truncated>
		<difficult>0</difficult>
		<bndbox>
			<xmin>2</xmin>
			<ymin>4</ymin>
			<xmax>30</xmax>
			<ymax>94</ymax>
		</bndbox>
	</object>
</annotation>
