<annotation>
	<folder>macula</folder>
	<filename>OIP (4).jpg</filename>
	<path>C:\Users\leomc\OneDrive\Área de Trabalho\dataset\macula\OIP (4).jpg</path>
	<source>
		<database>Unknown</database>
	</source>
	<size>
		<width>264</width>
		<height>224</height>
		<depth>3</depth>
	</size>
	<segmented>0</segmented>
	<object>
		<name>macula</name>
		<pose>Unspecified</pose>
		<truncated>0</truncated>
		<difficult>0</difficult>
		<bndbox>
			<xmin>36</xmin>
			<ymin>170</ymin>
			<xmax>64</xmax>
			<ymax>199</ymax>
		</bndbox>
	</object>
	<object>
		<name>macula</name>
		<pose>Unspecified</pose>
		<truncated>0</truncated>
		<difficult>0</difficult>
		<bndbox>
			<xmin>44</xmin>
			<ymin>67</ymin>
			<xmax>78</xmax>
			<ymax>108</ymax>
		</bndbox>
	</object>
	<object>
		<name>macula</name>
		<pose>Unspecified</pose>
		<truncated>0</truncated>
		<difficult>0</difficult>
		<bndbox>
			<xmin>140</xmin>
			<ymin>177</ymin>
			<xmax>179</xmax>
			<ymax>216</ymax>
		</bndbox>
	</object>
	<object>
		<name>macula</name>
		<pose>Unspecified</pose>
		<truncated>0</truncated>
		<difficult>0</difficult>
		<bndbox>
			<xmin>69</xmin>
			<ymin>174</ymin>
			<xmax>131</xmax>
			<ymax>201</ymax>
		</bndbox>
	</object>
	<object>
		<name>macula</name>
		<pose>Unspecified</pose>
		<truncated>0</truncated>
		<difficult>0</difficult>
		<bndbox>
			<xmin>170</xmin>
			<ymin>86</ymin>
			<xmax>219</xmax>
			<ymax>132</ymax>
		</bndbox>
	</object>
	<object>
		<name>macula</name>
		<pose>Unspecified</pose>
		<truncated>0</truncated>
		<difficult>0</difficult>
		<bndbox>
			<xmin>204</xmin>
			<ymin>31</ymin>
			<xmax>223</xmax>
			<ymax>84</ymax>
		</bndbox>
	</object>
	<object>
		<name>macula</name>
		<pose>Unspecified</pose>
		<truncated>0</truncated>
		<difficult>0</difficult>
		<bndbox>
			<xmin>23</xmin>
			<ymin>123</ymin>
			<xmax>41</xmax>
			<ymax>138</ymax>
		</bndbox>
	</object>
	<object>
		<name>macula</name>
		<pose>Unspecified</pose>
		<truncated>0</truncated>
		<difficult>0</difficult>
		<bndbox>
			<xmin>46</xmin>
			<ymin>139</ymin>
			<xmax>195</xmax>
			<ymax>171</ymax>
		</bndbox>
	</object>
	<object>
		<name>macula</name>
		<pose>Unspecified</pose>
		<truncated>0</truncated>
		<difficult>0</difficult>
		<bndbox>
			<xmin>78</xmin>
			<ymin>72</ymin>
			<xmax>169</xmax>
			<ymax>137</ymax>
		</bndbox>
	</object>
</annotation>
