<annotation>
	<folder>macula</folder>
	<filename>OIP (6).jpg</filename>
	<path>C:\Users\leomc\OneDrive\Área de Trabalho\dataset\macula\OIP (6).jpg</path>
	<source>
		<database>Unknown</database>
	</source>
	<size>
		<width>232</width>
		<height>199</height>
		<depth>3</depth>
	</size>
	<segmented>0</segmented>
	<object>
		<name>macula</name>
		<pose>Unspecified</pose>
		<truncated>0</truncated>
		<difficult>0</difficult>
		<bndbox>
			<xmin>116</xmin>
			<ymin>121</ymin>
			<xmax>130</xmax>
			<ymax>137</ymax>
		</bndbox>
	</object>
	<object>
		<name>macula</name>
		<pose>Unspecified</pose>
		<truncated>0</truncated>
		<difficult>0</difficult>
		<bndbox>
			<xmin>125</xmin>
			<ymin>97</ymin>
			<xmax>155</xmax>
			<ymax>119</ymax>
		</bndbox>
	</object>
	<object>
		<name>macula</name>
		<pose>Unspecified</pose>
		<truncated>0</truncated>
		<difficult>0</difficult>
		<bndbox>
			<xmin>154</xmin>
			<ymin>65</ymin>
			<xmax>173</xmax>
			<ymax>96</ymax>
		</bndbox>
	</object>
	<object>
		<name>macula</name>
		<pose>Unspecified</pose>
		<truncated>0</truncated>
		<difficult>0</difficult>
		<bndbox>
			<xmin>117</xmin>
			<ymin>35</ymin>
			<xmax>130</xmax>
			<ymax>46</ymax>
		</bndbox>
	</object>
	<object>
		<name>macula</name>
		<pose>Unspecified</pose>
		<truncated>0</truncated>
		<difficult>0</difficult>
		<bndbox>
			<xmin>143</xmin>
			<ymin>23</ymin>
			<xmax>163</xmax>
			<ymax>49</ymax>
		</bndbox>
	</object>
</annotation>
