<annotation>
	<folder>macula</folder>
	<filename>OIP (7).jpg</filename>
	<path>C:\Users\leomc\OneDrive\Área de Trabalho\dataset\macula\OIP (7).jpg</path>
	<source>
		<database>Unknown</database>
	</source>
	<size>
		<width>287</width>
		<height>198</height>
		<depth>3</depth>
	</size>
	<segmented>0</segmented>
	<object>
		<name>macula</name>
		<pose>Unspecified</pose>
		<truncated>0</truncated>
		<difficult>0</difficult>
		<bndbox>
			<xmin>137</xmin>
			<ymin>66</ymin>
			<xmax>188</xmax>
			<ymax>122</ymax>
		</bndbox>
	</object>
</annotation>
